USE my_project_db;

-- --------------------------------------------------------
-- הזנת משתמשים (Users)
-- --------------------------------------------------------
INSERT INTO users (id, name, username, email, address, phone, website, company) VALUES
(1, 'Leanne Graham', 'Bret', 'Sincere@april.biz', 'Kulas Light 556, Gwenborough', '1-770-736-8031 x56442', 'hildegard.org', 'Romaguera-Crona'),
(2, 'Ervin Howell', 'Antonette', 'Shanna@melissa.tv', 'Victor Plains 879, Wisokyburgh', '010-692-6593 x09125', 'anastasia.net', 'Deckow-Crist'),
(3, 'Clementine Bauch', 'Samantha', 'Nathan@yesenia.net', 'Douglas Extension 847, McKenziehaven', '1-463-123-4447', 'ramiro.info', 'Romaguera-Jacobson'),
(4, 'Patricia Lebsack', 'Karianne', 'Julianne.OConner@kory.org', 'Hoeger Mall 692, South Elvis', '493-170-9623 x156', 'kale.biz', 'Robel-Corkery'),
(5, 'Chelsey Dietrich', 'Kamren', 'Lucio_Hettinger@annie.ca', 'Skiles Walks 351, Roscoeview', '(254)954-1289', 'demarco.info', 'Keebler LLC'),
(7, 'אילה לוי', 'Ayala', 'ayala99263@gmail.com', 'אשר גולאק 7, ירושלים', '0548499263', '123asd', 'wowwwwww'),
(6, 'תהילה גולדשמידט', 'tehila', 'tehila7929@gmail.com', 'כפר עברי 28, ירושלים', '0556747929', 'TG1234', ' my company');

-- --------------------------------------------------------
-- הזנת סיסמאות פיקטיביות (Passwords)
-- --------------------------------------------------------
INSERT INTO passwords (user_id, password_hash) VALUES
(1, '$2b$10$dummyhashformockdata12345678901234567890123456789012'),
(2, '$2b$10$dummyhashformockdata12345678901234567890123456789012'),
(3, '$2b$10$dummyhashformockdata12345678901234567890123456789012'),
(4, '$2b$10$dummyhashformockdata12345678901234567890123456789012'),
(5, '$2b$10$dummyhashformockdata12345678901234567890123456789012'),
(7, '$2b$10$dummyhashformockdata12345678901234567890123456789012'),
(6, '$2b$10$dummyhashformockdata12345678901234567890123456789012');

-- --------------------------------------------------------
-- הזנת פוסטים (Posts)
-- --------------------------------------------------------
INSERT INTO posts (id, user_id, title, body) VALUES
(1, 1, 'Success is not final, failure is not fatal', 'It is the courage to continue that counts. Every great leader knows that persistence through adversity defines true character. When challenges arise, embrace them as opportunities to grow stronger and wiser.'),
(2, 1, 'Leadership is about making others better', 'A true leader doesn''t create followers, they create more leaders. The greatest achievement is not in never falling, but in rising every time we fall. Inspire others to reach their full potential.'),
(3, 1, 'Excellence is a habit, not an act', 'We are what we repeatedly do. Excellence, then, is not an act but a habit. Success comes to those who dare to begin and persist through every obstacle with unwavering determination.'),
(4, 1, 'The only impossible journey is the one you never begin', 'Every expert was once a beginner. Every pro was once an amateur. Every icon was once an unknown. Take that first step, no matter how small, towards your dreams.'),
(5, 1, 'Great leaders are made, not born', 'Leadership is not about being in charge. It''s about taking care of those in your charge. True leadership is influence, nothing more, nothing less. Lead by example and inspire greatness in others.'),
(6, 1, 'Success is walking from failure to failure with no loss of enthusiasm', 'The difference between successful people and others is not a lack of strength, not a lack of knowledge, but rather a lack of will. Keep pushing forward with passion and purpose.'),
(7, 1, 'Your limitation is only your imagination', 'Believe in yourself and all that you are. Know that there is something inside you that is greater than any obstacle. Dream big, work hard, and make it happen.'),
(8, 1, 'Champions are made when nobody''s watching', 'Success isn''t given. It''s earned in the gym, in the office, in every moment when you choose to push forward instead of giving up. Excellence is a daily practice.'),
(9, 1, 'The best time to plant a tree was 20 years ago', 'The second best time is now. Don''t wait for the perfect moment. Take the moment and make it perfect. Start where you are, use what you have, do what you can.'),
(10, 1, 'Leadership is not about titles or positions', 'It''s about one life influencing another. True leaders don''t create followers, they create more leaders. The greatest leader is not necessarily the one who does the greatest things, but the one who gets people to do the greatest things.'),
(11, 2, 'Creativity is intelligence having fun', 'Innovation distinguishes between a leader and a follower. The creative adult is the child who survived. Never lose your sense of wonder and curiosity about the world around you.'),
(12, 2, 'Think outside the box, then redesign the box', 'Creativity is not a talent. It is a way of operating. The secret to creativity is knowing how to hide your sources. Break the rules, challenge conventions, and create something extraordinary.'),
(13, 2, 'Innovation is the ability to see change as opportunity', 'The way to get started is to quit talking and begin doing. Every great innovation begins with a simple idea and the courage to pursue it. Don''t be afraid to fail, be afraid not to try.'),
(14, 2, 'Imagination is more important than knowledge', 'Logic will get you from A to B. Imagination will take you everywhere. The future belongs to those who believe in the beauty of their dreams. Dare to imagine the impossible.'),
(15, 2, 'Creativity takes courage', 'You can''t use up creativity. The more you use, the more you have. Every artist was first an amateur. Have the courage to follow your heart and intuition.'),
(16, 2, 'The best way to predict the future is to create it', 'Innovation is the specific instrument of entrepreneurship. Don''t wait for inspiration. Create it. Be the change you wish to see in the world.'),
(17, 2, 'Art is not what you see, but what you make others see', 'Creativity is contagious, pass it on. The creative process is a process of surrender, not control. Let your imagination run wild and create something beautiful.'),
(18, 2, 'Every child is an artist', 'The problem is how to remain an artist once we grow up. Creativity is allowing yourself to make mistakes. Art is knowing which ones to keep. Stay curious, stay creative.'),
(19, 2, 'Innovation distinguishes between a leader and a follower', 'Stay hungry, stay foolish. The people who are crazy enough to think they can change the world are the ones who do. Think different, act different, be different.'),
(20, 2, 'Creativity is the currency of the future', 'In a world of artificial intelligence, creativity becomes our greatest asset. Embrace your uniqueness, nurture your ideas, and never stop creating. The future belongs to the creative.'),
(21, 3, 'Love is the bridge between two hearts', 'Where there is love, there is life. The greatest happiness of life is the conviction that we are loved. Love is not just a feeling, it''s an action, a choice we make every day.'),
(22, 3, 'Friendship is the only cement that will hold the world together', 'A true friend is someone who knows all about you and still loves you. Friendship is born at that moment when one person says to another, ''What! You too? I thought I was the only one.'''),
(23, 3, 'Kindness is a language the deaf can hear and the blind can see', 'No act of kindness, no matter how small, is ever wasted. Be kind, for everyone you meet is fighting a hard battle. Spread love everywhere you go.'),
(24, 3, 'The best thing to hold onto in life is each other', 'We were born to work together. Love is composed of a single soul inhabiting two bodies. Together we can do so much more than we can do alone.'),
(25, 3, 'Love is not about possession, it''s about appreciation', 'The greatest gift you can give someone is your time, your attention, your love, your concern. Love is when the other person''s happiness is more important than your own.'),
(26, 3, 'A friend is someone who gives you total freedom to be yourself', 'Friendship is the hardest thing in the world to explain. It''s not something you learn in school. But if you haven''t learned the meaning of friendship, you really haven''t learned anything.'),
(27, 3, 'Love recognizes no barriers', 'It jumps hurdles, leaps fences, penetrates walls to arrive at its destination full of hope. Love is the master key that opens the gates of happiness.'),
(28, 3, 'The most beautiful discovery true friends make', 'Is that they can grow separately without growing apart. True friendship is not about being inseparable, it''s about being separated and nothing changes.'),
(29, 3, 'Love is the flower you''ve got to let grow', 'Being deeply loved by someone gives you strength, while loving someone deeply gives you courage. Love is not finding someone to live with, it''s finding someone you can''t live without.'),
(30, 3, 'Friendship is a sheltering tree', 'Good friends are like stars. You don''t always see them, but you know they''re always there. A real friend is one who walks in when the rest of the world walks out.'),
(31, 4, 'Wisdom is not a product of schooling but of lifelong learning', 'The only true wisdom is in knowing you know nothing. Learn from yesterday, live for today, hope for tomorrow. The important thing is not to stop questioning.'),
(32, 4, 'Growth begins at the end of your comfort zone', 'The only way to make sense out of change is to plunge into it, move with it, and join the dance. Personal growth is not a matter of learning new information but of unlearning old limits.'),
(33, 4, 'The mind is everything. What you think you become', 'Change your thoughts and you change your world. The greatest revolution of our generation is the discovery that human beings can alter their lives by altering their attitudes.'),
(34, 4, 'Knowledge speaks, but wisdom listens', 'The wise find pleasure in water; the virtuous find pleasure in hills. The knowing are joyful; the virtuous are long-lived. True wisdom comes from experience, not from books alone.'),
(35, 4, 'Life is 10% what happens to you and 90% how you react to it', 'You have power over your mind - not outside events. Realize this, and you will find strength. The greatest weapon against stress is our ability to choose one thought over another.'),
(36, 4, 'The journey of a thousand miles begins with one step', 'Do not go where the path may lead, go instead where there is no path and leave a trail. Every master was once a disaster. Every journey begins with a single step.'),
(37, 4, 'Yesterday is history, tomorrow is a mystery, today is a gift', 'That''s why it''s called the present. The present moment is the only time over which we have dominion. Live in the moment and make it so beautiful that it will be worth remembering.'),
(38, 4, 'The only person you are destined to become is the person you decide to be', 'What lies behind us and what lies before us are tiny matters compared to what lies within us. You are never too old to set another goal or to dream a new dream.'),
(39, 4, 'Wisdom is the reward you get for a lifetime of listening', 'When you should have kept your mouth shut. The fool speaks, the wise man listens. True wisdom is less presuming than folly. The wise, accordingly, are more modest.'),
(40, 4, 'Personal growth is the belief that you are worth the effort', 'Time and energy it takes to develop yourself. You are your greatest investment. The most important investment you can make is in yourself. Never stop growing, never stop learning.'),
(41, 5, 'In every walk with nature, one receives far more than they seek', 'Nature does not hurry, yet everything is accomplished. Look deep into nature, and then you will understand everything better. The earth has music for those who listen.'),
(42, 5, 'Freedom is not worth having if it does not include the freedom to make mistakes', 'The only way to deal with an unfree world is to become so absolutely free that your very existence is an act of rebellion. Freedom is the oxygen of the soul.'),
(43, 5, 'The mountains are calling and I must go', 'In every walk in nature, one receives far more than they seek. Nature is not a place to visit. It is home. The clearest way into the Universe is through a forest wilderness.'),
(44, 5, 'Adventure is worthwhile in itself', 'Life is either a daring adventure or nothing at all. The biggest adventure you can take is to live the life of your dreams. Adventure awaits those brave enough to seek it.'),
(45, 5, 'The earth does not belong to us, we belong to the earth', 'What we do to the earth, we do to ourselves. Nature is painting for us, day after day, pictures of infinite beauty. Protect what you love, love what you protect.'),
(46, 5, 'Freedom is the will to be responsible to ourselves', 'Man is condemned to be free; because once thrown into the world, he is responsible for everything he does. True freedom is impossible without a mind made free by discipline.'),
(47, 5, 'Nature always wears the colors of the spirit', 'Heaven is under our feet as well as over our heads. In nature, nothing is perfect and everything is perfect. Trees can be contorted, bent in weird ways, and they''re still beautiful.'),
(48, 5, 'The best things in life are free', 'The second best are very expensive. Sunsets, fresh air, the sound of rain, a good laugh with friends - these are the treasures that money cannot buy. Appreciate the simple things.'),
(49, 5, 'Wild and free like the sea', 'The ocean stirs the heart, inspires the imagination and brings eternal joy to the soul. Be like water making its way through cracks. Do not be assertive, but adjust to the object.'),
(50, 5, 'Freedom is the right to tell people what they do not want to hear', 'If liberty means anything at all, it means the right to tell people what they do not want to hear. Freedom is never more than one generation away from extinction.'),
(51, 6, 'אין אדם טוב יש אדם שטוב לו', 'טוב לו-\nלא תאור מצב אלא תאור אופי'),
(52, 6, 'אני לא הולכת לאיבוד', ' אני מגיעה למקומות\nשלא הכרתי'),
(999, 1, 'Of all the things I have lost, I miss my mind the most', 'There is no loss like the loss of personality.');

-- --------------------------------------------------------
-- הזנת תגובות מעודכנת (Comments) עם userId
-- --------------------------------------------------------
INSERT INTO comments (id, postId, userId, name, email, body) VALUES
(1, 1, 1, 'Leanne Graham', 'Sincere@april.biz', 'True character is indeed built through adversity.'),
(2, 1, 2, 'Ervin Howell', 'Shanna@melissa.tv', 'Persistence is the key to overcoming any challenge.'),
(3, 1, 3, 'Clementine Bauch', 'Nathan@yesenia.net', 'Failure is just a stepping stone to success.'),
(4, 1, 4, 'Patricia Lebsack', 'Julianne.OConner@kory.org', 'Courage is what keeps us moving forward.'),
(5, 1, 5, 'Chelsey Dietrich', 'Lucio_Hettinger@annie.ca', 'Such an inspiring message for all leaders.'),
(6, 2, 1, 'Leanne Graham', 'Sincere@april.biz', 'Empowering others is the true mark of leadership.'),
(7, 2, 2, 'Ervin Howell', 'Shanna@melissa.tv', 'We rise by lifting others.'),
(8, 2, 3, 'Clementine Bauch', 'Nathan@yesenia.net', 'Creating more leaders is the ultimate goal.'),
(9, 2, 4, 'Patricia Lebsack', 'Julianne.OConner@kory.org', 'Inspiration is a leader''s greatest tool.'),
(10, 2, 5, 'Chelsey Dietrich', 'Lucio_Hettinger@annie.ca', 'A leader''s success is measured by their team''s growth.'),
(16, 4, 1, 'Leanne Graham', 'Sincere@april.biz', 'Every journey begins with a single step.'),
(17, 4, 2, 'Ervin Howell', 'Shanna@melissa.tv', 'Don''t be afraid to be a beginner.'),
(18, 4, 3, 'Clementine Bauch', 'Nathan@yesenia.net', 'Small steps lead to big dreams.'),
(19, 4, 4, 'Patricia Lebsack', 'Julianne.OConner@kory.org', 'Start where you are with what you have.'),
(20, 4, 5, 'Chelsey Dietrich', 'Lucio_Hettinger@annie.ca', 'The only failure is never starting at all.'),
(21, 5, 1, 'Leanne Graham', 'Sincere@april.biz', 'Leadership is influence, pure and simple.'),
(22, 5, 2, 'Ervin Howell', 'Shanna@melissa.tv', 'Taking care of people is priority number one.'),
(23, 5, 3, 'Clementine Bauch', 'Nathan@yesenia.net', 'Great leaders inspire through action.'),
(24, 5, 4, 'Patricia Lebsack', 'Julianne.OConner@kory.org', 'Lead by example and others will follow.'),
(25, 5, 5, 'Chelsey Dietrich', 'Lucio_Hettinger@annie.ca', 'True leadership is about service.'),
(26, 6, 1, 'Leanne Graham', 'Sincere@april.biz', 'Enthusiasm is the fuel for success.'),
(27, 6, 2, 'Ervin Howell', 'Shanna@melissa.tv', 'Keep pushing forward with passion.'),
(28, 6, 3, 'Clementine Bauch', 'Nathan@yesenia.net', 'Willpower is more important than knowledge.'),
(29, 6, 4, 'Patricia Lebsack', 'Julianne.OConner@kory.org', 'Failure is just a part of the process.'),
(30, 6, 5, 'Chelsey Dietrich', 'Lucio_Hettinger@annie.ca', 'Don''t lose your spark along the way.'),
(31, 7, 1, 'Leanne Graham', 'Sincere@april.biz', 'Your imagination is your only limit.'),
(32, 7, 2, 'Ervin Howell', 'Shanna@melissa.tv', 'Believe in the power within you.'),
(33, 7, 3, 'Clementine Bauch', 'Nathan@yesenia.net', 'You are greater than any obstacle.'),
(34, 7, 4, 'Patricia Lebsack', 'Julianne.OConner@kory.org', 'Dream big and work hard.'),
(35, 7, 5, 'Chelsey Dietrich', 'Lucio_Hettinger@annie.ca', 'Self-belief changes everything.'),
(36, 8, 1, 'Leanne Graham', 'Sincere@april.biz', 'Hard work in the dark shines in the light.'),
(37, 8, 2, 'Ervin Howell', 'Shanna@melissa.tv', 'Success is earned every single day.'),
(38, 8, 3, 'Clementine Bauch', 'Nathan@yesenia.net', 'Discipline is the bridge to goals.'),
(39, 8, 4, 'Patricia Lebsack', 'Julianne.OConner@kory.org', 'Push forward when you want to give up.'),
(40, 8, 5, 'Chelsey Dietrich', 'Lucio_Hettinger@annie.ca', 'Excellence is a daily choice.'),
(41, 9, 1, 'Leanne Graham', 'Sincere@april.biz', 'The best time to start is now.'),
(42, 9, 2, 'Ervin Howell', 'Shanna@melissa.tv', 'Don''t wait for the perfect moment.'),
(43, 9, 3, 'Clementine Bauch', 'Nathan@yesenia.net', 'Use what you have to do what you can.'),
(44, 9, 4, 'Patricia Lebsack', 'Julianne.OConner@kory.org', 'Action beats procrastination every time.'),
(45, 9, 5, 'Chelsey Dietrich', 'Lucio_Hettinger@annie.ca', 'Make this moment count.'),
(46, 10, 1, 'Leanne Graham', 'Sincere@april.biz', 'Influence is greater than authority.'),
(47, 10, 2, 'Ervin Howell', 'Shanna@melissa.tv', 'Great leaders inspire action.'),
(48, 10, 3, 'Clementine Bauch', 'Nathan@yesenia.net', 'It''s about the people, not the position.'),
(49, 10, 4, 'Patricia Lebsack', 'Julianne.OConner@kory.org', 'Create a legacy of leaders.'),
(50, 10, 5, 'Chelsey Dietrich', 'Lucio_Hettinger@annie.ca', 'Inspire others to achieve the impossible.'),
(51, 11, 1, 'Leanne Graham', 'Sincere@april.biz', 'Creativity keeps the mind young.'),
(52, 11, 2, 'Ervin Howell', 'Shanna@melissa.tv', 'Innovation sets leaders apart.'),
(53, 11, 3, 'Clementine Bauch', 'Nathan@yesenia.net', 'Never lose your sense of wonder.'),
(54, 11, 4, 'Patricia Lebsack', 'Julianne.OConner@kory.org', 'Curiosity is the spark of intelligence.'),
(55, 11, 5, 'Chelsey Dietrich', 'Lucio_Hettinger@annie.ca', 'Intelligence having fun is the best definition.'),
(56, 12, 1, 'Leanne Graham', 'Sincere@april.biz', 'Redesigning the box is true innovation.'),
(57, 12, 2, 'Ervin Howell', 'Shanna@melissa.tv', 'Challenge the status quo.'),
(58, 12, 3, 'Clementine Bauch', 'Nathan@yesenia.net', 'Creativity is a way of life.'),
(59, 12, 4, 'Patricia Lebsack', 'Julianne.OConner@kory.org', 'Break the rules to create something new.'),
(60, 12, 5, 'Chelsey Dietrich', 'Lucio_Hettinger@annie.ca', 'Create something extraordinary today.'),
(61, 13, 1, 'Leanne Graham', 'Sincere@april.biz', 'Change is just an opportunity in disguise.'),
(62, 13, 2, 'Ervin Howell', 'Shanna@melissa.tv', 'Stop talking and start doing.'),
(63, 13, 3, 'Clementine Bauch', 'Nathan@yesenia.net', 'Courage is needed to pursue new ideas.'),
(64, 13, 4, 'Patricia Lebsack', 'Julianne.OConner@kory.org', 'Don''t fear failure, fear inaction.'),
(65, 13, 5, 'Chelsey Dietrich', 'Lucio_Hettinger@annie.ca', 'Embrace innovation in everything.'),
(66, 14, 1, 'Leanne Graham', 'Sincere@april.biz', 'Imagination is limitless.'),
(67, 14, 2, 'Ervin Howell', 'Shanna@melissa.tv', 'Believe in the beauty of your dreams.'),
(68, 14, 3, 'Clementine Bauch', 'Nathan@yesenia.net', 'Logic has limits, imagination does not.'),
(69, 14, 4, 'Patricia Lebsack', 'Julianne.OConner@kory.org', 'Dare to imagine the impossible.'),
(70, 14, 5, 'Chelsey Dietrich', 'Lucio_Hettinger@annie.ca', 'The future belongs to the dreamers.'),
(71, 15, 1, 'Leanne Graham', 'Sincere@april.biz', 'Creativity grows the more you use it.'),
(72, 15, 2, 'Ervin Howell', 'Shanna@melissa.tv', 'Follow your heart and intuition.'),
(73, 15, 3, 'Clementine Bauch', 'Nathan@yesenia.net', 'It takes courage to be creative.'),
(74, 15, 4, 'Patricia Lebsack', 'Julianne.OConner@kory.org', 'Every master was once an amateur.'),
(75, 15, 5, 'Chelsey Dietrich', 'Lucio_Hettinger@annie.ca', 'You can never use up creativity.'),
(76, 16, 1, 'Leanne Graham', 'Sincere@april.biz', 'Create the future you want to see.'),
(77, 16, 2, 'Ervin Howell', 'Shanna@melissa.tv', 'Don''t wait for inspiration, make it.'),
(78, 16, 3, 'Clementine Bauch', 'Nathan@yesenia.net', 'Be the change you wish to see.'),
(79, 16, 4, 'Patricia Lebsack', 'Julianne.OConner@kory.org', 'Innovation is the key to the future.'),
(80, 16, 5, 'Chelsey Dietrich', 'Lucio_Hettinger@annie.ca', 'Entrepreneurship needs innovation.'),
(81, 17, 1, 'Leanne Graham', 'Sincere@april.biz', 'Creativity is indeed contagious.'),
(82, 17, 2, 'Ervin Howell', 'Shanna@melissa.tv', 'Pass on the creative spark.'),
(83, 17, 3, 'Clementine Bauch', 'Nathan@yesenia.net', 'Art is about sharing a vision.'),
(84, 17, 4, 'Patricia Lebsack', 'Julianne.OConner@kory.org', 'Let your imagination run wild.'),
(85, 17, 5, 'Chelsey Dietrich', 'Lucio_Hettinger@annie.ca', 'Create something beautiful today.'),
(86, 18, 1, 'Leanne Graham', 'Sincere@april.biz', 'We must fight to remain artists.'),
(87, 18, 2, 'Ervin Howell', 'Shanna@melissa.tv', 'Every child has that spark.'),
(88, 18, 3, 'Clementine Bauch', 'Nathan@yesenia.net', 'Mistakes are part of the process.'),
(89, 18, 4, 'Patricia Lebsack', 'Julianne.OConner@kory.org', 'Stay curious and keep creating.'),
(90, 18, 5, 'Chelsey Dietrich', 'Lucio_Hettinger@annie.ca', 'Art is in every one of us.'),
(91, 19, 1, 'Leanne Graham', 'Sincere@april.biz', 'Stay hungry, stay foolish.'),
(92, 19, 2, 'Ervin Howell', 'Shanna@melissa.tv', 'Think different to make a difference.'),
(93, 19, 3, 'Clementine Bauch', 'Nathan@yesenia.net', 'Crazy ones change the world.'),
(94, 19, 4, 'Patricia Lebsack', 'Julianne.OConner@kory.org', 'Innovation separates leaders.'),
(95, 19, 5, 'Chelsey Dietrich', 'Lucio_Hettinger@annie.ca', 'Be brave enough to think differently.'),
(96, 20, 1, 'Leanne Graham', 'Sincere@april.biz', 'Creativity is our greatest human asset.'),
(97, 20, 2, 'Ervin Howell', 'Shanna@melissa.tv', 'The future is creative.'),
(98, 20, 3, 'Clementine Bauch', 'Nathan@yesenia.net', 'Embrace your unique ideas.'),
(99, 20, 4, 'Patricia Lebsack', 'Julianne.OConner@kory.org', 'AI can''t replace human creativity.'),
(100, 20, 5, 'Chelsey Dietrich', 'Lucio_Hettinger@annie.ca', 'Never stop creating.'),
(101, 21, 1, 'Leanne Graham', 'Sincere@april.biz', 'Love brings life to everything.'),
(102, 21, 2, 'Ervin Howell', 'Shanna@melissa.tv', 'Love is a choice we make daily.'),
(103, 21, 3, 'Clementine Bauch', 'Nathan@yesenia.net', 'To be loved is the greatest happiness.'),
(104, 21, 4, 'Patricia Lebsack', 'Julianne.OConner@kory.org', 'Love connects us all.'),
(105, 21, 5, 'Chelsey Dietrich', 'Lucio_Hettinger@annie.ca', 'Actions speak louder than words in love.'),
(106, 22, 1, 'Leanne Graham', 'Sincere@april.biz', 'Friendship holds the world together.'),
(107, 22, 2, 'Ervin Howell', 'Shanna@melissa.tv', 'A true friend knows and loves you.'),
(108, 22, 3, 'Clementine Bauch', 'Nathan@yesenia.net', 'Finding a kindred spirit is magical.'),
(109, 22, 4, 'Patricia Lebsack', 'Julianne.OConner@kory.org', 'Cherish your true friends.'),
(110, 22, 5, 'Chelsey Dietrich', 'Lucio_Hettinger@annie.ca', 'Friendship is a precious gift.'),
(111, 23, 1, 'Leanne Graham', 'Sincere@april.biz', 'Kindness is a universal language.'),
(112, 23, 2, 'Ervin Howell', 'Shanna@melissa.tv', 'Spread love and kindness everywhere.'),
(113, 23, 3, 'Clementine Bauch', 'Nathan@yesenia.net', 'No act of kindness is ever wasted.'),
(114, 23, 4, 'Patricia Lebsack', 'Julianne.OConner@kory.org', 'Be kind, everyone is fighting a battle.'),
(115, 23, 5, 'Chelsey Dietrich', 'Lucio_Hettinger@annie.ca', 'Kindness heals the soul.'),
(116, 24, 1, 'Leanne Graham', 'Sincere@april.biz', 'We are stronger together.'),
(117, 24, 2, 'Ervin Howell', 'Shanna@melissa.tv', 'Hold onto each other tight.'),
(118, 24, 3, 'Clementine Bauch', 'Nathan@yesenia.net', 'Together we can do so much.'),
(119, 24, 4, 'Patricia Lebsack', 'Julianne.OConner@kory.org', 'Unity is our greatest strength.'),
(120, 24, 5, 'Chelsey Dietrich', 'Lucio_Hettinger@annie.ca', 'Two souls, one path.'),
(121, 25, 1, 'Leanne Graham', 'Sincere@april.biz', 'Appreciation is the key to love.'),
(122, 25, 2, 'Ervin Howell', 'Shanna@melissa.tv', 'Time is the greatest gift of all.'),
(123, 25, 3, 'Clementine Bauch', 'Nathan@yesenia.net', 'Put others'' happiness first.'),
(124, 25, 4, 'Patricia Lebsack', 'Julianne.OConner@kory.org', 'Love is about giving, not taking.'),
(125, 25, 5, 'Chelsey Dietrich', 'Lucio_Hettinger@annie.ca', 'Show your love through attention.'),
(126, 26, 1, 'Leanne Graham', 'Sincere@april.biz', 'Freedom to be yourself is vital.'),
(127, 26, 2, 'Ervin Howell', 'Shanna@melissa.tv', 'Friendship is a life lesson.'),
(128, 26, 3, 'Clementine Bauch', 'Nathan@yesenia.net', 'Real friends accept you fully.'),
(129, 26, 4, 'Patricia Lebsack', 'Julianne.OConner@kory.org', 'Friendship defines our lives.'),
(130, 26, 5, 'Chelsey Dietrich', 'Lucio_Hettinger@annie.ca', 'Be true, be you, with friends.'),
(131, 27, 1, 'Leanne Graham', 'Sincere@april.biz', 'Love overcomes all obstacles.'),
(132, 27, 2, 'Ervin Howell', 'Shanna@melissa.tv', 'Love opens the gates of happiness.'),
(133, 27, 3, 'Clementine Bauch', 'Nathan@yesenia.net', 'No barrier can stop true love.'),
(134, 27, 4, 'Patricia Lebsack', 'Julianne.OConner@kory.org', 'Love brings hope to every situation.'),
(135, 27, 5, 'Chelsey Dietrich', 'Lucio_Hettinger@annie.ca', 'Love leaps over fences.'),
(136, 28, 1, 'Leanne Graham', 'Sincere@april.biz', 'Growing separately without growing apart.'),
(137, 28, 2, 'Ervin Howell', 'Shanna@melissa.tv', 'Distance means nothing to true friends.'),
(138, 28, 3, 'Clementine Bauch', 'Nathan@yesenia.net', 'Friendship transcends space and time.'),
(139, 28, 4, 'Patricia Lebsack', 'Julianne.OConner@kory.org', 'Separation tests but strengthens bonds.'),
(140, 28, 5, 'Chelsey Dietrich', 'Lucio_Hettinger@annie.ca', 'True friends are always close at heart.'),
(141, 29, 1, 'Leanne Graham', 'Sincere@april.biz', 'Love gives us strength and courage.'),
(142, 29, 2, 'Ervin Howell', 'Shanna@melissa.tv', 'Find someone you can''t live without.'),
(143, 29, 3, 'Clementine Bauch', 'Nathan@yesenia.net', 'Let love grow like a flower.'),
(144, 29, 4, 'Patricia Lebsack', 'Julianne.OConner@kory.org', 'Deep love is a powerful force.'),
(145, 29, 5, 'Chelsey Dietrich', 'Lucio_Hettinger@annie.ca', 'Nurture love and watch it bloom.'),
(146, 30, 1, 'Leanne Graham', 'Sincere@april.biz', 'Friends are the shelter in the storm.'),
(147, 30, 2, 'Ervin Howell', 'Shanna@melissa.tv', 'A real friend walks in when others leave.'),
(148, 30, 3, 'Clementine Bauch', 'Nathan@yesenia.net', 'Good friends are like guiding stars.'),
(149, 30, 4, 'Patricia Lebsack', 'Julianne.OConner@kory.org', 'Cherish those who stay by your side.'),
(150, 30, 5, 'Chelsey Dietrich', 'Lucio_Hettinger@annie.ca', 'Friendship is a beautiful tree.'),
(151, 31, 1, 'Leanne Graham', 'Sincere@april.biz', 'Learning is a lifelong journey.'),
(152, 31, 2, 'Ervin Howell', 'Shanna@melissa.tv', 'Never stop questioning the world.'),
(153, 31, 3, 'Clementine Bauch', 'Nathan@yesenia.net', 'Wisdom comes from knowing you know nothing.'),
(154, 31, 4, 'Patricia Lebsack', 'Julianne.OConner@kory.org', 'Live for today, hope for tomorrow.'),
(155, 31, 5, 'Chelsey Dietrich', 'Lucio_Hettinger@annie.ca', 'Schooling ends, but education doesn''t.'),
(156, 32, 1, 'Leanne Graham', 'Sincere@april.biz', 'Growth happens outside the comfort zone.'),
(157, 32, 2, 'Ervin Howell', 'Shanna@melissa.tv', 'Embrace change to truly grow.'),
(158, 32, 3, 'Clementine Bauch', 'Nathan@yesenia.net', 'Unlearn old limits to find new paths.'),
(159, 32, 4, 'Patricia Lebsack', 'Julianne.OConner@kory.org', 'Plunge into the unknown.'),
(160, 32, 5, 'Chelsey Dietrich', 'Lucio_Hettinger@annie.ca', 'Comfort zones are where dreams die.'),
(161, 33, 1, 'Leanne Graham', 'Sincere@april.biz', 'Our thoughts shape our reality.'),
(162, 33, 2, 'Ervin Howell', 'Shanna@melissa.tv', 'Change your mind, change your world.'),
(163, 33, 3, 'Clementine Bauch', 'Nathan@yesenia.net', 'Attitude is everything in life.'),
(164, 33, 4, 'Patricia Lebsack', 'Julianne.OConner@kory.org', 'The mind is a powerful tool.'),
(165, 33, 5, 'Chelsey Dietrich', 'Lucio_Hettinger@annie.ca', 'We become what we think.'),
(166, 34, 1, 'Leanne Graham', 'Sincere@april.biz', 'Listening is the path to wisdom.'),
(167, 34, 2, 'Ervin Howell', 'Shanna@melissa.tv', 'True wisdom comes from experience.'),
(168, 34, 3, 'Clementine Bauch', 'Nathan@yesenia.net', 'Be joyful in your knowing.'),
(169, 34, 4, 'Patricia Lebsack', 'Julianne.OConner@kory.org', 'Books are great, experience is better.'),
(170, 34, 5, 'Chelsey Dietrich', 'Lucio_Hettinger@annie.ca', 'Listen more, speak less.'),
(171, 35, 1, 'Leanne Graham', 'Sincere@april.biz', 'Reaction is more important than the event.'),
(172, 35, 2, 'Ervin Howell', 'Shanna@melissa.tv', 'You have power over your mind.'),
(173, 35, 3, 'Clementine Bauch', 'Nathan@yesenia.net', 'Choose your thoughts wisely.'),
(174, 35, 4, 'Patricia Lebsack', 'Julianne.OConner@kory.org', 'Attitude determines your direction.'),
(175, 35, 5, 'Chelsey Dietrich', 'Lucio_Hettinger@annie.ca', 'Control your mind, control your life.'),
(176, 36, 1, 'Leanne Graham', 'Sincere@april.biz', 'Just take that first step.'),
(177, 36, 2, 'Ervin Howell', 'Shanna@melissa.tv', 'Leave a trail for others to follow.'),
(178, 36, 3, 'Clementine Bauch', 'Nathan@yesenia.net', 'Every journey starts small.'),
(179, 36, 4, 'Patricia Lebsack', 'Julianne.OConner@kory.org', 'Forge your own path.'),
(180, 36, 5, 'Chelsey Dietrich', 'Lucio_Hettinger@annie.ca', 'Don''t be afraid to start.'),
(181, 37, 1, 'Leanne Graham', 'Sincere@april.biz', 'The present is a gift.'),
(182, 37, 2, 'Ervin Howell', 'Shanna@melissa.tv', 'Live in the moment.'),
(183, 37, 3, 'Clementine Bauch', 'Nathan@yesenia.net', 'Yesterday is history, embrace today.'),
(184, 37, 4, 'Patricia Lebsack', 'Julianne.OConner@kory.org', 'Make today worth remembering.'),
(185, 37, 5, 'Chelsey Dietrich', 'Lucio_Hettinger@annie.ca', 'Focus on the now.'),
(186, 38, 1, 'Leanne Graham', 'Sincere@april.biz', 'You decide who you become.'),
(187, 38, 2, 'Ervin Howell', 'Shanna@melissa.tv', 'It''s never too old to dream.'),
(188, 38, 3, 'Clementine Bauch', 'Nathan@yesenia.net', 'Set new goals today.'),
(189, 38, 4, 'Patricia Lebsack', 'Julianne.OConner@kory.org', 'Look within for true strength.'),
(190, 38, 5, 'Chelsey Dietrich', 'Lucio_Hettinger@annie.ca', 'Your destiny is in your hands.'),
(191, 39, 1, 'Leanne Graham', 'Sincere@april.biz', 'Modesty is a sign of wisdom.'),
(192, 39, 2, 'Ervin Howell', 'Shanna@melissa.tv', 'There is power in silence.'),
(193, 39, 3, 'Clementine Bauch', 'Nathan@yesenia.net', 'Listen more to understand.'),
(194, 39, 4, 'Patricia Lebsack', 'Julianne.OConner@kory.org', 'Wisdom speaks in whispers.'),
(195, 39, 5, 'Chelsey Dietrich', 'Lucio_Hettinger@annie.ca', 'Be a wise listener.'),
(196, 40, 1, 'Leanne Graham', 'Sincere@april.biz', 'Invest in yourself daily.'),
(197, 40, 2, 'Ervin Howell', 'Shanna@melissa.tv', 'You are worth the effort.'),
(198, 40, 3, 'Clementine Bauch', 'Nathan@yesenia.net', 'Never stop growing.'),
(199, 40, 4, 'Patricia Lebsack', 'Julianne.OConner@kory.org', 'Development takes time and energy.'),
(200, 40, 5, 'Chelsey Dietrich', 'Lucio_Hettinger@annie.ca', 'Belief in yourself is key.'),
(201, 41, 1, 'Leanne Graham', 'Sincere@april.biz', 'Nature heals the soul.'),
(202, 41, 2, 'Ervin Howell', 'Shanna@melissa.tv', 'Listen to the earth''s music.'),
(203, 41, 3, 'Clementine Bauch', 'Nathan@yesenia.net', 'Walk in nature to find peace.'),
(204, 41, 4, 'Patricia Lebsack', 'Julianne.OConner@kory.org', 'Nature doesn''t hurry, nor should we.'),
(205, 41, 5, 'Chelsey Dietrich', 'Lucio_Hettinger@annie.ca', 'Look deep into nature.'),
(206, 42, 1, 'Leanne Graham', 'Sincere@april.biz', 'Freedom includes the right to err.'),
(207, 42, 2, 'Ervin Howell', 'Shanna@melissa.tv', 'Be absolutely free.'),
(208, 42, 3, 'Clementine Bauch', 'Nathan@yesenia.net', 'Freedom is the soul''s oxygen.'),
(209, 42, 4, 'Patricia Lebsack', 'Julianne.OConner@kory.org', 'Mistakes are part of freedom.'),
(210, 42, 5, 'Chelsey Dietrich', 'Lucio_Hettinger@annie.ca', 'Rebel by being free.'),
(211, 43, 1, 'Leanne Graham', 'Sincere@april.biz', 'The mountains are calling!'),
(212, 43, 2, 'Ervin Howell', 'Shanna@melissa.tv', 'Nature is home.'),
(213, 43, 3, 'Clementine Bauch', 'Nathan@yesenia.net', 'Find your way in the wilderness.'),
(214, 43, 4, 'Patricia Lebsack', 'Julianne.OConner@kory.org', 'Receive more than you seek.'),
(215, 43, 5, 'Chelsey Dietrich', 'Lucio_Hettinger@annie.ca', 'Go where the wild things are.'),
(216, 44, 1, 'Leanne Graham', 'Sincere@april.biz', 'Life is a daring adventure.'),
(217, 44, 2, 'Ervin Howell', 'Shanna@melissa.tv', 'Seek adventure every day.'),
(218, 44, 3, 'Clementine Bauch', 'Nathan@yesenia.net', 'Live the life of your dreams.'),
(219, 44, 4, 'Patricia Lebsack', 'Julianne.OConner@kory.org', 'Be brave enough to explore.'),
(220, 44, 5, 'Chelsey Dietrich', 'Lucio_Hettinger@annie.ca', 'Adventure awaits!'),
(221, 45, 1, 'Leanne Graham', 'Sincere@april.biz', 'We belong to the earth.'),
(222, 45, 2, 'Ervin Howell', 'Shanna@melissa.tv', 'Protect what you love.'),
(223, 45, 3, 'Clementine Bauch', 'Nathan@yesenia.net', 'Nature paints infinite beauty.'),
(224, 45, 4, 'Patricia Lebsack', 'Julianne.OConner@kory.org', 'Respect our planet.'),
(225, 45, 5, 'Chelsey Dietrich', 'Lucio_Hettinger@annie.ca', 'We are connected to nature.'),
(226, 46, 1, 'Leanne Graham', 'Sincere@april.biz', 'Responsibility is the price of freedom.'),
(227, 46, 2, 'Ervin Howell', 'Shanna@melissa.tv', 'We are condemned to be free.'),
(228, 46, 3, 'Clementine Bauch', 'Nathan@yesenia.net', 'Discipline leads to true freedom.'),
(229, 46, 4, 'Patricia Lebsack', 'Julianne.OConner@kory.org', 'Own your actions.'),
(230, 46, 5, 'Chelsey Dietrich', 'Lucio_Hettinger@annie.ca', 'Freedom requires responsibility.'),
(231, 47, 1, 'Leanne Graham', 'Sincere@april.biz', 'Nature reflects the spirit.'),
(232, 47, 2, 'Ervin Howell', 'Shanna@melissa.tv', 'Imperfection is beautiful in nature.'),
(233, 47, 3, 'Clementine Bauch', 'Nathan@yesenia.net', 'Heaven is all around us.'),
(234, 47, 4, 'Patricia Lebsack', 'Julianne.OConner@kory.org', 'Find perfection in the wild.'),
(235, 47, 5, 'Chelsey Dietrich', 'Lucio_Hettinger@annie.ca', 'Colors of the spirit are everywhere.'),
(236, 48, 1, 'Leanne Graham', 'Sincere@april.biz', 'Appreciate the simple things.'),
(237, 48, 2, 'Ervin Howell', 'Shanna@melissa.tv', 'Money can''t buy nature''s gifts.'),
(238, 48, 3, 'Clementine Bauch', 'Nathan@yesenia.net', 'The best things really are free.'),
(239, 48, 4, 'Patricia Lebsack', 'Julianne.OConner@kory.org', 'Treasure the sunset and rain.'),
(240, 48, 5, 'Chelsey Dietrich', 'Lucio_Hettinger@annie.ca', 'Simple joys are the best.'),
(241, 49, 1, 'Leanne Graham', 'Sincere@april.biz', 'Be like water.'),
(242, 49, 2, 'Ervin Howell', 'Shanna@melissa.tv', 'The sea inspires the soul.'),
(243, 49, 3, 'Clementine Bauch', 'Nathan@yesenia.net', 'Wild and free is the way to be.'),
(244, 49, 4, 'Patricia Lebsack', 'Julianne.OConner@kory.org', 'Adjust and flow like the ocean.'),
(245, 49, 5, 'Chelsey Dietrich', 'Lucio_Hettinger@annie.ca', 'Eternal joy comes from nature.'),
(246, 50, 1, 'Leanne Graham', 'Sincere@april.biz', 'Speak the truth, even if it''s hard.'),
(247, 50, 2, 'Ervin Howell', 'Shanna@melissa.tv', 'Protect our freedom.'),
(248, 50, 3, 'Clementine Bauch', 'Nathan@yesenia.net', 'Liberty means hearing hard truths.'),
(249, 50, 4, 'Patricia Lebsack', 'Julianne.OConner@kory.org', 'Freedom is fragile, defend it.'),
(250, 50, 5, 'Chelsey Dietrich', 'Lucio_Hettinger@annie.ca', 'Never take freedom for granted.'),
(251, 51, 1, 'User Comment', 'user@me.com', 'בסיס החיים'),
(252, 51, 1, 'User Comment', 'user@me.com', 'מהות הבחירה');

-- --------------------------------------------------------
-- הזנת משימות (Todos)
-- --------------------------------------------------------
INSERT INTO todos (id, user_id, title, completed) VALUES
(1, 1, 'Set quarterly leadership goals', FALSE),
(2, 1, 'Schedule team building activities', FALSE),
(3, 1, 'Review performance metrics', FALSE),
(4, 1, 'Prepare motivational speech', TRUE),
(5, 1, 'Mentor junior team members', FALSE),
(6, 1, 'Develop success strategies', FALSE),
(7, 1, 'Organize leadership workshop', FALSE),
(8, 1, 'Create excellence standards', TRUE),
(9, 1, 'Plan strategic initiatives', FALSE),
(10, 1, 'Build winning team culture', TRUE),
(11, 1, 'Establish achievement milestones', TRUE),
(12, 1, 'Conduct leadership assessment', TRUE),
(13, 1, 'Define success metrics', FALSE),
(14, 1, 'Implement performance improvements', TRUE),
(15, 1, 'Foster team collaboration', TRUE),
(16, 1, 'Drive organizational change', TRUE),
(17, 1, 'Champion innovation initiatives', FALSE),
(18, 1, 'Develop leadership pipeline', FALSE),
(19, 1, 'Celebrate team achievements', TRUE),
(20, 1, 'Inspire excellence in others', TRUE),
(21, 2, 'Brainstorm creative project ideas', TRUE),
(22, 2, 'Design innovative solutions', TRUE),
(23, 2, 'Experiment with new art techniques', FALSE),
(24, 2, 'Develop creative portfolio', FALSE),
(25, 2, 'Attend innovation workshop', TRUE),
(26, 2, 'Create artistic masterpiece', TRUE),
(27, 2, 'Explore new creative mediums', TRUE),
(28, 2, 'Launch creative collaboration', FALSE),
(29, 2, 'Design thinking session', FALSE),
(30, 2, 'Prototype innovative concept', TRUE),
(31, 2, 'Challenge conventional thinking', FALSE),
(32, 2, 'Inspire creative breakthrough', FALSE),
(33, 2, 'Cultivate imagination skills', FALSE),
(34, 2, 'Build creative community', FALSE),
(35, 2, 'Express artistic vision', TRUE),
(36, 2, 'Innovate creative processes', TRUE),
(37, 2, 'Share creative inspiration', FALSE),
(38, 2, 'Transform ideas into reality', FALSE),
(39, 2, 'Embrace creative freedom', FALSE),
(40, 2, 'Nurture creative talents', TRUE),
(41, 3, 'Send heartfelt messages to friends', FALSE),
(42, 3, 'Plan romantic dinner date', FALSE),
(43, 3, 'Practice acts of kindness', TRUE),
(44, 3, 'Strengthen family relationships', TRUE),
(45, 3, 'Express love and gratitude', FALSE),
(46, 3, 'Organize friendship gathering', FALSE),
(47, 3, 'Write love letters', FALSE),
(48, 3, 'Create meaningful connections', FALSE),
(49, 3, 'Volunteer for charity work', FALSE),
(50, 3, 'Celebrate friendship milestones', TRUE),
(51, 3, 'Show compassion to others', FALSE),
(52, 3, 'Build deeper relationships', FALSE),
(53, 3, 'Spread love and positivity', FALSE),
(54, 3, 'Support friends in need', TRUE),
(55, 3, 'Create loving memories', TRUE),
(56, 3, 'Practice forgiveness', TRUE),
(57, 3, 'Nurture romantic relationship', FALSE),
(58, 3, 'Share emotional support', FALSE),
(59, 3, 'Express appreciation daily', FALSE),
(60, 3, 'Build trust and loyalty', TRUE),
(61, 4, 'Read philosophy books', TRUE),
(62, 4, 'Practice mindfulness meditation', FALSE),
(63, 4, 'Reflect on life lessons', TRUE),
(64, 4, 'Develop emotional intelligence', FALSE),
(65, 4, 'Learn new skills daily', FALSE),
(66, 4, 'Practice gratitude journaling', FALSE),
(67, 4, 'Seek wisdom from mentors', FALSE),
(68, 4, 'Challenge personal beliefs', FALSE),
(69, 4, 'Embrace personal growth', FALSE),
(70, 4, 'Study ancient wisdom', FALSE),
(71, 4, 'Practice self-reflection', FALSE),
(72, 4, 'Cultivate inner peace', FALSE),
(73, 4, 'Develop mental resilience', TRUE),
(74, 4, 'Expand consciousness', FALSE),
(75, 4, 'Question everything deeply', FALSE),
(76, 4, 'Practice mindful living', TRUE),
(77, 4, 'Seek truth and understanding', FALSE),
(78, 4, 'Transform limiting beliefs', FALSE),
(79, 4, 'Embrace life changes', TRUE),
(80, 4, 'Share wisdom with others', TRUE),
(81, 5, 'Plan mountain hiking adventure', TRUE),
(82, 5, 'Explore national parks', FALSE),
(83, 5, 'Practice outdoor photography', TRUE),
(84, 5, 'Connect with nature daily', FALSE),
(85, 5, 'Learn wilderness survival skills', TRUE),
(86, 5, 'Go camping under stars', TRUE),
(87, 5, 'Practice environmental conservation', TRUE),
(88, 5, 'Experience ocean adventures', FALSE),
(89, 5, 'Embrace freedom lifestyle', TRUE),
(90, 5, 'Protect natural habitats', TRUE),
(91, 5, 'Live off-grid experience', TRUE),
(92, 5, 'Practice sustainable living', TRUE),
(93, 5, 'Discover hidden natural gems', TRUE),
(94, 5, 'Break free from routine', FALSE),
(95, 5, 'Chase sunrise and sunsets', TRUE),
(96, 5, 'Experience wild adventures', FALSE),
(97, 5, 'Live authentically free', FALSE),
(98, 5, 'Respect Mother Earth', TRUE),
(99, 5, 'Find peace in nature', FALSE),
(100, 5, 'Embrace wild and free spirit', FALSE),
(101, 7, 'גכעגככיע', FALSE),
(102, 7, 'חיעלוחיךח', TRUE),
(103, 6, 'לסיים את ה LOGIN', TRUE),
(104, 6, 'POSTS - אני', TRUE),
(105, 6, 'גכעי', FALSE),
(106, 6, ' לסיים TODOS - אילה', TRUE),
(107, 6, 'ALBUMS לסיים', TRUE),
(9001, 6, 'גנריות', FALSE),
(9002, 6, 'משתמש נוכחי', FALSE);